273,197,271
2350,2349
1863,1862
1148,1142
2031,2029
1816,1805,1815
736,699,731
1245,1217
2347,2321,2340
312,304
62,60
1184,1138
1625,1612
1566,1557
734,720,729
2637,2613
2329,2326,2328
279,273
1803,1780
2033,1908
479,477
2114,2063,2094
2543,2380
2167,2163
2303,2302
2277,2148,2276
642,637
2581,2562
1104,1102
774,773
792,788
2103,2102
2105,2101,2103
2060,2057
1122,1117
1061,997,1007
831,828
466,463
1308,1306
2378,2375,2377
1706,1696,1705
2558,2547
101,94
2493,2489,2492
2574,2552,2571
2509,2500
1445,1271
1601,1596
2242,2237,2240
550,549
1917,1856,1905
178,150
749,745,747
31,27
1472,1470
1285,1266
2400,2319
2475,2426
789,781
556,551,554
884,879
167,162,166
493,487
383,382
888,818
1898,1893
639,565
2132,2131
1212,1186
271,146
444,443
855,808,852
1434,1338
1962,1844
2428,2418
91,89
2309,2305
2480,2465
1283,1229,1281
1782,1628
1027,1012,1014,1026
1241,1205,1221
747,743
284,283
2570,2566
929,922,924
729,719
1568,1439
1151,1132
974,960
2253,2245
1384,1375
1759,1754
2451,2448
1704,1690
396,385
662,655
1964,1962,1963
1546,1535
714,708
226,218
172,153
686,677
1056,1045
2392,2347
406,399
1351,1340
2446,2429
1836,1825
572,560,571
1889,1863
259,253
1256,1233,1253
2547,2531
1317,1284
1577,1476,1572,1573
2107,2105
352,351
174,166
730,729
1520,1512,1513
1809,1800,1806
1928,1926
1456,1440
2101,2090
2059,2045
1029,995,1005
1188,1025
413,375
471,467,468
2479,2428
1584,1568
2369,2357
1087,1048
1971,1955
2071,2051,2067
2633,2621
194,164,191
1586,1571,1584
1074,1073
2147,2144
1535,1533
2608,2605
1139,1128
378,376
2163,2147
2390,2372
488,462
1346,1281,1344,1345
202,181,186
1685,1675
116,102
938,936
1728,1722
222,202
2587,2530
633,623,632
257,251,256
518,517
992,981
1140,1044,1104
2039,1993
947,945
2376,2374
1513,1405
2288,2227,2287
1108,1106
2583,2567
1276,1250
2596,2594
2158,2134
1492,1420
637,629
24,21
240,236
239,237,238
1201,1183
635,631,634
2141,2119
1694,1683
675,673
1359,1346
1070,1064,1065,1067
530,495
105,104
2118,2113,2117
1001,999,1000
798,796
1232,1219
400,321
790,764
1375,1374
918,904
538,530,536
2505,2485
2307,2294
1324,1254
323,321
79,66,75
1014,961
381,329
1391,1386
404,354,403
1636,1624
1430,1389,1428
1344,1313
2026,1967
1607,1583
512,507,511
1089,1043,1047
1968,1911,1967
2037,1999
570,567,568
660,606
1458,1441
424,420
446,438
905,891,892
2044,2004
88,67,86
277,274,275
2372,2363
4,3
2048,2017,2034
358,314
631,629
754,733
787,751
1379,1360
376,345,370
2293,2272,2274
1517,1514
1847,1845
2529,2513
170,165
1115,1112,1113
1461,1448
1131,1118,1130
266,151,262
185,175
657,639
1399,1398
819,813
1980,1976,1977
712,704,707
594,550
176,173
66,62
1339,1337
2181,2175
1797,1754,1796
1575,1574
2578,2570
1490,1487
2439,2437
1922,1900
2402,2398
460,457
220,196
2613,2609
756,716
673,626
64,61
628,621
1267,1241
158,90,156
343,342
1825,1811,1824
215,214
2523,2505,2520
2174,2172
2057,2050,2052
2435,2431
2592,2589
1221,1216
2088,2078,2081
859,858
2279,2191
211,209
1135,1119,1131
1892,1878
1304,1290
1724,1718
981,943,980
1812,1806,1808
2161,2097
1665,1659
2129,2092
932,930
1364,1353
2374,2335,2370
958,957
68,62
1944,1942,1943
2468,2467
363,357
1098,1097
2394,2345
1278,1274
1854,1840
2080,2041
2550,2543
1689,1674,1687
1177,1174
907,847
2484,2480
499,496
419,411,418
1133,1074
2341,2320,2338
592,556,590
345,260
741,738
703,702
1553,1551
1597,1582
1311,1209,1277
1175,1134
507,493,499
2024,2023
1908,1853
2611,2534
138,137
1829,1808,1828
1397,1392
1078,1068
1377,1371
1780,1771
794,785
2079,2073,2074
2462,2455
305,282,302,303
411,407
1137,1119,1136
1687,1682
903,856,884
1487,1478,1486
983,968
761,757
2239,2237
693,659,681
1225,1149,1219
1496,1492
1984,1948,1974
2549,2540
1007,974,996
330,299
785,723,783
150,124
1580,1490
813,787
1005,995,1004
1443,1428
1342,1325,1335
1016,991
2176,2171
2196,2195
1018,1017
1557,1551
1634,1621,1632
1663,1656
2257,2256
2185,2097,2183
2286,2280,2285
1605,1566
1298,1201
22,21
930,914,919,927
1197,1153,1191
1610,1588,1609
389,380,386
338,331,335
2464,2460
1166,1145
1489,1479
1467,1465
99,91
824,805
1371,1363
952,944,951
899,886,897,898
1469,1461
965,933
1654,1637
1113,1112
552,539
1052,1003
2473,2468
1386,1372,1381
1504,1395
2413,2408
886,876
2419,2404
2077,2030
204,201
1199,1151
1683,1676,1682
796,754
1748,1746
1582,1485
439,431
2495,2488
2444,2438
1900,1896
1195,1144
705,698
1779,1772,1778
1319,1218
2420,2405
497,492,494
1542,1289,1541
433,411
200,184,187
976,967,969
39,36,37,38
2053,2033
2295,2253,2278
495,432
2536,2442,2524
464,381,406
1845,1823
671,647
910,890
8,7
1708,1680
2417,2392
1306,1299,1304
2259,2235,2254
969,958
293,287,290
2299,2298
990,984,989
1261,1260
1588,1481
40,22
468,461
2576,2522,2551
765,715
1526,1510,1525
1959,1957,1958
923,917
480,478
1207,1155,1200,1206
1250,1237
659,591
482,481
1094,1070,1093
347,333
2310,2306
1258,1239
217,208,214
2002,1992
161,160
417,412
574,546
1409,1394
2507,2410,2440
1951,1909,1941,1950
2194,2187
19,13,18
42,32
2222,2210
1418,1415
1340,1327
2482,2388
1999,1995,1998
505,450
2338,2243
1940,1916,1928
2354,2251,2314
2321,2196
2501,2417
1890,1831,1889
2433,2423
93,69,90
767,758
604,550,594
1153,1099
543,540
525,466,509
2561,2554,2558
244,235,243
1355,1350
1337,1329,1336
208,203,207
1775,1710
1858,1850
2552,2550
84,83
1003,1001
1065,1053
1081,1071,1072
893,879
334,322
1623,1601,1608
415,325
1731,1603,1730
1560,1553,1559
60,55
2367,2365
871,837
2437,2435
2527,2508,2519
268,225,267
769,760
626,574,610
1452,1451
954,932
2055,2052,2054
1117,1108
147,87,102
2006,1960
242,200
1049,901,1046
581,567
1102,1062
781,756,780
196,188
1010,1006
2187,2139,2179
1173,1172
2150,2099
2200,2199
152,142
583,582
648,633
1955,1944
2035,1949,2033
2189,2188
183,147
596,541
1733,1686
646,645
2477,2466,2475,2476
491,490
1485,1470
2525,2506,2522
129,52,127,128
1238,1196
1470,1463
1289,1286,1287
2231,2217
1519,1517,1518
1214,1167
2534,2464,2521
1515,1498,1514
354,342,352
1881,1846
145,140
817,816
554,548
1883,1866,1879
862,790,859
839,807,812
1302,1236,1279
1632,1631
149,148
2426,2424
286,279
806,794,795
1348,1339,1343
1788,1706,1766,1778
187,157
1405,1293
1612,1611
1186,1178
1942,1922
2004,1821,1965,2003
1931,1907
1876,1875
2022,1974,2020
1128,1126
1678,1574,1641
2112,2025
1269,1268
851,841,850
235,221
1793,1770,1786
615,613
934,923
1476,1457,1458
2332,2330
545,542,544
2565,2561
475,472
1843,1766
2123,2111,2121
2594,2539
1292,1291
578,557
1274,1263
2365,2332
750,746
1711,1701,1705
2585,2542
608,580,585,607
314,305
2385,2362
770,767
1193,1158,1192
1661,1643,1660
1948,1919,1946
2082,2069,2079
1744,1713,1721
2406,2402
2240,2231,2236
1205,1195
181,178,179
1393,1390
1852,1840
723,714
1179,1155,1169
1591,1543
1755,1749,1752
1834,1781,1832
1926,1904,1925
253,241
1616,1530,1608,1611
1395,1393
2396,2373
282,275,281
82,58,80
927,911
426,405
332,324
1083,977
2017,1910
190,154
1290,1288
2628,2611
664,662,663
301,284
1647,1644
2064,2001
1388,1378
2208,2206
523,513
1524,1493,1511
875,873
2635,2634
1124,1121
503,495,496
1506,1503
846,844
13,9
2334,2321
1085,1080,1084
1441,1350
617,534,616
853,849
1142,1089,1140
956,954
2642,2585
1494,1489
691,671,688
815,795,806
237,234,236
1975,1970,1972
2015,2005,2014
1827,1786,1826
428,425,427
860,848
1982,1981
1034,988
1544,1513,1542
1726,1685
1528,1515
71,53
2149,2129
1669,1667
448,447
462,434
299,295
644,639,641
350,285,337
2084,2080
2626,2544
477,473,475
1416,1409
1320,1319
125,65
1335,1295
1414,1407,1411
1641,1627
2264,2259,2260
532,517
2408,2406
2532,2509,2521
842,820
2121,2109
37,30
1410,1311
963,934
233,220,229
1216,1204
1742,1733,1740
2491,2479,2488
1483,1442,1471
1991,1956
1795,1761,1794
2554,2548
1913,1889
613,605
44,11
2091,2079
2190,2176
2316,2303
576,528
1382,1377,1379
808,782
1032,1030
453,448,452
1555,1536
2019,2018
1579,1550
2127,2124
1126,1124
2389,2343
1618,1605
1627,1573
1690,1679
231,205,230
826,814
329,325,328
738,727,737
1322,1279
1159,1127
1823,1787,1817,1822
1818,1816
2455,2447,2453,2454
75,71
651,650
206,191,205
2204,2156
1223,1204
55,43,54
1988,1932,1987
2415,2399,2412,2414
435,430,433
321,312
1270,1211
1168,1141
1919,1871,1912,1917
877,862
17,2,16
2192,2189
2569,2559
2219,2214
1234,1226
1977,1969
2066,2037,2064
262,258
1447,1436
1243,1177
879,867
361,360
2020,2016,2018
1717,1579
2213,2209
1630,1577,1627
1043,1020
387,384,385
585,584
1629,1624
985,970,971
2224,2217
901,877,881
1621,1597
459,449
783,769
1432,1352
1670,1662,1668
2361,2352,2360
602,585,599
2109,2051,2071
1463,1424
1849,1837
163,158,161,162
349,348
2448,2394
549,537
820,819
527,504,513,526
295,293
1502,1500
1539,1418,1538
987,983
521,412,517
2244,2226,2232
2510,2503
2345,2292,2344
1522,1508
1791,1790
640,639
895,865,872,891
2398,2371
1508,1506
2422,2403,2421
367,363,365,366
529,520
2312,2311
1993,1963,1989
1265,1259,1264
1674,1616
2154,2145
655,654
1814,1807,1810
1209,1199,1203
20,19
2046,2026,2043,2045
2606,2563,2605
1030,1029
891,865
510,503
1722,1713
1603,1570
563,562
2363,2354
309,304
1360,1315,1357,1358
1157,1098,1145,1154
1407,1403
1218,1166,1198
1230,1207,1229
1465,1454,1464
1300,1294
198,149,197
264,255,263
457,455,456
2318,2315,2316,2317
2440,2401,2434
1768,1755
2073,2063
107,104
228,226
727,722
598,589,595
1805,1768
1294,1285
1092,1091
2442,2437
541,540
2459,2445
1511,1431
624,532,623
291,280
86,49
1403,1391
1106,1100,1105
752,750
1902,1898
949,935
868,854
1438,1431
1676,1608
1474,1473
2237,2216
1777,1760
666,664
1935,1934
110,108
2620,2614,2619
828,826,827
1966,1965
2471,2458
189,172,181
1656,1652
961,926,942
2336,2257
422,409,421
1111,1078
1144,1007,1061
1449,1423
1203,1107
1861,1857
2275,2254
1155,1143
442,410
1700,1580,1699
2499,2472,2490
2211,2206
873,860
1326,1308
1171,1165,1168
1764,1744
2370,2351
804,801,802,803
778,776,777
516,511
1571,1482
2411,2410
408,405
914,866,868
1719,1718
2220,2213
437,435
1454,1432
2284,2273,2283
668,657,667
844,813
534,521
606,577
2297,2290,2296
880,840,869
2514,2494,2513
967,964
1645,1633,1644
2215,2214
912,900,908
941,824
1874,1873
600,593
1054,992
1821,1590,1765
2136,2107
2008,1988
2598,2375
2624,2413
1162,1156
1960,1959
1045,1036,1038
2251,2158
2314,2297
1331,1324,1330
219,136
709,704
972,959
1771,1757,1767
701,697
2356,2288
2383,2282
318,300
2497,2461
2567,2555,2566
136,109,134
2327,2301
1023,955
288,279,286
1911,1899
2387,2372
1573,1471
1753,1748
567,535,564
707,680,706
224,189
1838,1648,1820
1667,1657
916,913
484,483
1614,1610,1613
1058,1057
1281,1230
1333,1331
48,39
2134,2066,2132
718,710,716
1760,1636,1758
2291,2244
758,755
2255,2227,2251
1692,1646
280,213,276
611,594
1850,1813
255,250
897,874
679,599
2170,2166
2343,2341,2342
2617,2591
1766,1714,1764
1252,1247
1423,1406
2042,2015
2262,2234,2245
2097,2071
2169,2163,2168
1832,1778
2156,2151
1658,1625
1830,1822
1933,1927,1932
2325,2298
1786,1762
1986,1934
310,309
1872,1864
620,615,618,619
392,377
1773,1759,1771
1425,1416
1915,1901,1914
2248,2236,2247
1869,1743
2358,2336,2357
2516,2511,2515
2011,2009,2010
2639,2537
1412,1402,1411
2404,2350
455,451
721,717
1427,1416
130,125,126
2093,2091
2217,2216
2125,2033,2122
1047,1021
848,846
327,322
1366,1359
372,320,371
945,941,943
1498,1477
2563,2562
1564,1562
811,802,810
1904,1887
1715,1694
536,470
1072,1062
2268,2150,2256,2263
1353,1345
2226,2193
77,76
260,244,259
909,845,885
1313,1297,1301
2000,1966,1997
1063,1046,1049
1924,1915
1906,1903
2178,2177
840,816,829
1737,1720,1735,1736
1296,1294
743,734
394,388,393
57,44
251,240
385,379,383
925,918,920
1254,1232,1251
2246,2241
15,7,14
1595,1556,1594
1562,1511,1555
35,16,32,33
653,576,650
1090,1083,1087
2590,2588
970,962
390,389
2453,2452
1885,1845,1880
2538,2393
514,464
1746,1745
2040,1964
1973,1968,1972
1652,1622
1757,1726
51,48,50
141,122,135
1784,1751,1769
2233,2229
369,368
123,120
156,115
213,193,209,212
1429,1427,1428
420,388
2138,2130
1920,1870
2556,2414,2416
864,849,863
95,82
1698,1697
1210,1182
622,612,618
1946,1917,1945
2530,2523
275,222
2619,2411,2618
1939,1937
1856,1855
1559,1528
2202,2185
2460,2451,2457
547,545
1182,1135,1181
1650,1620
2198,2155,2194
2503,2449
1478,1426
833,832
1229,1206,1227
154,119
772,770
835,830
1997,1996
677,676
165,152
1801,1795
866,864
2086,2076
2631,2620
1287,1253
2424,2419
2235,2222
569,563
745,744
2013,1983,1987
776,762
1649,1615
121,51
1878,1877
2172,2167
1096,1088
1481,1475
1548,1527
11,10
1896,1892,1895
822,769
1609,1585
1368,1313,1367
402,359
1865,1858,1859
1638,1635
246,232
936,932
486,483
1038,978
1120,1095
994,989
589,514,586
103,93
2110,2006,2104
2266,2262
365,363,364
2349,2346,2348
26,25
2165,2164
1100,1096
2545,2544
2640,2599
297,296
921,869
1533,1495,1505
1160,1156
725,724
558,516
1751,1748
316,298
1887,1883
1421,1382,1400
1957,1953
1713,1712
1236,1234
2183,2182
2228,2182
2541,2525
2572,2560,2571
2130,2092,2128,2129
1315,1234,1302
561,560
1164,1161,1163
1272,1213,1269,1271
2062,2057
356,347
2622,2481,2621
53,42
1249,1220,1240
1799,1784
1537,1216,1531
1979,1978
1263,1261
1191,1190
1696,1607,1678
1702,1666
2051,2047
1672,1660,1671
1009,983,1008
501,497
2116,2088
978,976
2152,2131
2143,2126
2352,2240
336,298,334
1373,1358
716,691
1540,1410,1539
341,330,340
680,678,679
440,437
2330,2322,2326
2280,2149
565,538
2145,2139
109,88
143,124
2075,2058,2070
132,128
682,670,681
1720,1539
2604,2602
2271,2270
169,160
1551,1548
1021,1016,1020
1069,1060,1067
1401,1354
1599,1581,1593
1870,1724,1869
2099,2072
2206,2205
2095,2085,2089
248,245
2615,2433
1050,1049
695,685
2589,2586
587,583
374,351
837,836
882,876
998,994
1867,1835,1855
2466,2381
2028,2013
1025,996,1024
1036,1032
1180,1160
114,110,112
1762,1728
1380,1373,1378,1379
1076,1023
2359,2353
1796,1791
584,581
1321,1315,1320
2289,2250
2339,2333,2337
456,424
2487,2478,2486
540,524
1486,1484
627,626
317,263,316
1567,1563,1565
795,726
436,424
2049,2038
41,33
717,709,713
672,646
191,118,155
1077,1069
1688,1665,1681
762,759,761
1240,1237
193,170,192
1615,1584
836,835
1394,1368,1389
2375,2284
1918,1838
2001,2000
1466,1450,1465
1554,1549,1552
2524,2484,2518
1655,1597
1912,1874,1909
1116,1115
1596,1587
1062,1033,1034
1389,1383
1051,1045
1958,1956,1957
1734,1732
2379,2287
2465,2459
2588,2587
465,408
984,966,982
582,578,579
1471,1458
1002,1001
1019,1016
2564,2562
2221,2220
1060,1052
1266,1265
1587,1558
685,648,684
1930,1914,1927
502,497
1213,1028
344,326,341
1415,1224,1410
2173,2159
1613,1612
2605,2604
1482,1456
1451,1446,1450
1215,1186
1927,1880,1885
1105,1103
1275,1248
1756,1592,1731
1666,1623
1277,1270
2155,2145
2177,2170,2176
294,254
1747,1742
788,752,782
2261,2238,2260
2609,2589
832,831
676,675
1402,1351
1619,1618
69,63
2036,2028,2031
290,286
2553,2550
975,851
2236,2224
1480,1399,1477
876,834
36,28
874,821,872
1831,1792,1818,1830
1426,1385
1907,1851
1572,1571
801,740
2003,1989
2560,2538
2308,2304
1712,1702
2025,2012,2021
1903,1902
2599,2597
2517,2510
2436,2385
2641,2607
2342,2334
2182,2160,2173
1013,1012
636,604
1323,1318
2023,2019
2447,2430
1932,1930
1150,1129
791,748
1769,1753
1905,1865,1894
2135,2100,2134
2238,2228,2235
10,5,9
139,138
520,508,518,519
1464,1453
443,441
490,488,489
1387,1384
1787,1775
186,180
1622,1596
1990,1929,1976
1000,998
823,810
2142,2098
2320,2198,2279
2612,2608
254,249
1280,1268
2397,2376
375,339,374
58,57
2087,2083,2086
498,491
1121,1116
939,896
1017,992
2348,2312
1776,1704
1804,1802
2388,2297
1954,1921,1947,1952
890,887
1288,1276
1691,1673,1689
2140,2133
1956,1939
1855,1850
2443,2439
2032,1920
201,199
1066,1051
843,833,839,841
2247,2146
1347,1283
1736,1591
858,857
1123,1122
825,806,815
209,192
575,573
2108,2105
410,374
104,103
535,442,531
1200,1134
1237,1231,1235
182,73
2274,2265,2269,2272
2061,2055,2060
2283,2277,2282
869,840
2269,2238
953,950
1143,1130,1139
1354,1342
544,543
768,766,767
148,144
878,866,875
1846,1788,1832,1843
593,553
555,554
1998,1724
900,884
1356,1109,1312,1355
1970,1946
665,660
364,355,362
1428,1425
2144,2142
1552,1545
27,26
623,617
577,552,568
748,736
1875,1865
2214,2212
500,485
2623,2617
72,40
670,638,661
1286,1267
160,143
2627,2617
2092,2061
1864,1862
1822,1776
2456,2450
1868,1867
449,447
489,484
289,288
928,925
2461,2460
1132,1079,1120
2634,2581
690,648,685,688
692,689
2492,2463,2486
315,301
809,788
454,452
742,724,739
159,145
1680,1667
1969,1941
1187,1179,1182
2098,2093
854,845,853
1352,1332
2337,2336
1639,1638
2575,2553,2564
2393,2356
56,55
1367,1366
1729,1715
933,899,931
447,446
2180,2169,2172
1819,1815,1816
2557,2383
1455,1451
1561,1525
1532,1529,1531
661,641
2252,2250,2251
2346,2339
311,308,310
610,574,606
1301,1297,1298
1031,1004
2254,2222
1273,1239
1080,1077
2131,2062,2129
2159,2123
2531,2504
1941,1940
1752,1747
1808,1801
2427,2384
1758,1699
1361,1322,1358
100,96
597,595
320,265
669,667
340,338
775,773
2362,2360
711,705,710
1679,1634
397,392
1824,1817
1635,1628
1468,1459
2195,2190,2191
1338,1331
441,439,440
1732,1727,1729
2410,2409
2425,2421,2424
2243,2223
1695,1688
2197,2192,2196
1190,1189
2287,2286
773,771,772
416,406,414
144,126
1770,1763
849,842
427,422
1297,1282
1664,1662
1899,1890
1293,1280,1292
2384,2369
467,436
1590,1537
1859,1837
238,215
2463,2450
656,652
740,731
1420,1407
1792,1774
1583,1581
1503,1496
324,272,297
667,661
2072,2011
2186,2175,2184
2306,2300,2304,2305
1828,1826
1462,1452,1459
2548,2387,2546
2555,2405
2230,2161
793,790,792
61,47
89,81
700,699
1244,1238
2205,2203
2407,2406
1521,1518
999,947
1626,1578
2450,2446
2474,2471
1433,1432
2007,1994
755,674
1350,1212,1349
2401,2395,2397
1149,1022,1148
713,712
1239,1223
728,703
1327,1300
1448,1444,1447
1844,1834
2045,2036
1693,1650
2168,2119
2225,2221,2223
2100,2075,2078
645,642,643
2535,2533,2534
2418,2389,2391,2417
1789,1777
2223,2204,2218
256,251
539,525
2016,1971
1033,1031
1400,1396,1399
2607,2597
2632,2595
814,797,798
1057,1032
2539,2536
76,74
399,327,381
1598,1559,1580
1509,1494,1508
2399,2331
566,559,565
1853,1841,1851
1725,1641,1706
2081,2080
2610,2556
2258,2254
865,825
1376,1374
885,883
2133,2096
1839,1821,1838
1592,1542
249,246,247
2216,2208,2215
1705,1681
2065,2001,2064
2340,2193
2050,2032,2049
1026,1023
2162,2127,2141
16,15
92,90
2328,2325,2327
1044,1009
1156,1147,1150
175,167,168
1477,1421
1408,1397,1407
2355,2246
2294,2293
328,270,327
553,547
247,245
919,916
1125,1124
306,289
2568,2565,2567
841,839
1475,1469,1474
1934,1852,1933
504,454,500
2449,2445
261,256,259
726,682,725
571,569
1909,1884
287,198
146,130
1022,984,1019
812,775
2357,2352
2029,2021
1916,1887,1904
245,233
1257,1244
1262,1252,1261
1020,987,1009
1082,1075
50,45
650,649
1307,1076,1258
1707,1647
1118,1081
1183,1176,1178
2298,2267
1040,1039
1783,1781,1782
1662,1655
2164,2163
562,558,561
856,855
1965,1765
12,3,11
948,843
474,471
1608,1545
1657,1585
1790,1750,1784
102,97
2573,2572
1763,1761,1762
1570,1513,1520
1457,1456
2148,2138
2386,2338
2094,2093
2102,2095
2586,2582,2584
1701,1695
2614,2507
760,668,753
96,84,91,94
861,809
797,757
757,735
2472,2468
1196,1189
463,426,445
2335,2310,2313
2313,2311
506,498
1079,973,1028,1050
230,221
1677,1669,1675
867,855,861
1888,1885
2515,2510
81,70,78,80
658,609
621,620
1431,1430
166,163
229,227,228
935,932
2034,1931
412,401
1185,1180
612,603
1068,1058,1066
1059,1041
1815,1803,1810
2403,2370
2085,2059
2478,2456
173,169
654,650
1093,1091
1170,1152
2508,2418
2591,2583
1006,994
1332,1326,1328
892,870,891
1459,1449
2056,2035
2438,2431,2432
1189,1184
212,210
1446,1435
2353,2338
564,552
720,712
94,85,92
1671,1664
2500,2482,2497
177,176
1136,1135
478,462,476
1530,1467
2562,2557
1422,1418
1035,1010
827,799
1893,1881
1383,1349
1585,1582
2432,2386
162,156
1318,1303,1317
988,929
1837,1807
580,570
2528,2512,2527
434,391
920,909
2267,2262
1246,1244,1245
487,486
991,982,987
258,257
1235,1228
649,575
647,645
805,804
997,993
414,413
2360,2355,2359
1224,1203,1222
2083,2077
1811,1798
1897,1896
1112,1110,1111
313,302
153,100,150,152
1860,1833
2232,2201
1798,1789
2151,2137
1385,1371
379,368
2593,2591,2592
90,68
137,109,136
1260,1236
1086,1085
1565,1525
470,340,469
1413,1412
124,101
151,141,149
1749,1741
1550,1535
1145,1097
663,656
630,628
1581,1564,1576
1987,1930,1983
1642,1630,1639
225,195
1833,1819
1167,1146,1161
335,332
1343,1340
2296,2290,2291
968,874
38,31
1439,1310
43,35
70,57
906,895,905
353,350
1589,1532,1584
285,258
74,72
223,186
724,693
281,223
188,127,159
1738,1728,1734
883,871
391,346,353,388
346,345
2014,1990
232,226,229
1994,1933,1988
1743,1717,1736
1952,1944
1929,1925,1928
2498,2489,2490,2493
753,748
799,784
702,696,700,701
2520,2518
1765,1756
2030,2020
494,390
2494,2474
889,882
2201,2124
1424,1419
1602,1600
1390,1387,1388
355,315
1714,1711
629,622,627
1556,1554
2506,2491
2496,2444,2491
847,846
1154,1101,1153
333,190,269
2481,2477
23,20
292,272
784,777
2405,2390
1507,1499
274,224
472,471
1499,1496,1497
1233,1188
2058,2044
2441,2438
852,850
1295,1283
2227,2152
1053,1002
409,395
838,836
1192,1189
1873,1826,1868
1983,1924,1967
2476,2469
111,108
2595,2580,2591
601,596,600
331,324
2063,2040
2504,2500
917,913
821,783
1637,1631
1073,1035
931,898
458,415,450
979,921,963
1282,1281
98,67
203,201
199,138,194
2270,2269
1440,1355
2210,2173
1134,1114,1128
1381,1376
1493,1483
272,266
403,400
902,893,901
625,619,624
2324,2293,2323
164,139,155
1334,1333
1015,1011,1013
429,428
368,367
1316,1296
2012,2008,2010
492,360
1325,1305
1341,1340
296,292,295
1950,1912,1948
210,189
1660,1654
276,274
1127,1123
1840,1836
2199,2100
1886,1854,1882
1721,1716
322,317
977,976
1576,1575
452,451
2047,1961
423,419
2395,2373
993,961,986
476,473
362,361
1778,1772
1884,1874,1879,1883
2331,2328
2513,2501,2512
524,465,515
1512,1505
1901,1888,1899
1723,1617
1037,1008
517,502
2281,2272,2275
1107,1095
52,20
641,636
704,683
2111,2110
522,358,515,519
2502,2487
1147,1131
2166,2140,2165
818,817
1820,1785
197,148
278,270,271
1651,1649
1176,1171,1175
1194,1185
810,791
1417,1406
2157,2137,2154
1529,1437
2577,2573
243,231
180,169,174
445,442
1204,1015
696,666
2292,2291
1088,1086
1109,1083,1090
2559,2549
1921,1897
1510,1500
1686,1660
1985,1982,1984
1284,1275,1278
1541,1537
1370,1323
2434,2433
2241,2233,2239
168,117
1406,1401,1404
1460,1427,1459
546,539,541
966,965
1312,1087,1309
2470,2468,2469
252,157,190
746,694
1310,1307,1309
2043,2027
1600,1598
2120,2108
1314,1306
1404,1369
1363,1320,1357,1362
1505,1445
2193,2192
957,953,956
603,601
1785,1653,1782
573,571
924,906
250,248,249
140,125,132
1048,1023
1101,1092,1098
1963,1842
595,414
971,838
1925,1906
1947,1913
65,50
1518,1504
1071,1057
359,358
67,59
1761,1753
1479,1419
1138,1123
694,690
1396,1377
986,985
1754,1745
2171,2166
85,83
1862,1860,1861
2249,2232
1075,1074
739,738
380,361
207,204
634,630
1543,1540
1336,1334
2090,2087
894,888
904,883
1794,1793
2119,2114,2115
1648,1615
1435,1314,1417,1432
829,815
962,832,960
951,949,950
1710,1704,1709
735,608,732
1231,1208
1453,1448
469,341
302,281,301
1178,1171
1895,1894
221,217
113,110
759,758
2315,2298
1525,1507
1161,1137
2382,2336,2381
1398,1385
1165,1109
2551,2529,2533
1659,1656
579,555
1813,1797,1807,1809
1880,1847
135,134
2070,2065
2511,2502
184,182,183
511,506,510
2429,2427
1781,1779
537,469,536
171,168
779,774,778
870,869
1578,1569
1848,1836,1847
915,903
339,336
2212,2211
2278,2202,2271
2054,2053
2526,2517,2523
29,26,28
780,766
1365,1364
1158,1152
1491,1472,1489
2188,2162,2186
715,711
2245,2230
179,177
485,474
1110,1071
2229,2219
2153,2120
2250,2200,2249
483,480,482
1745,1734,1738
1226,1154,1198
1750,1746
216,133,211
881,793
142,99
937,928
1181,1169
1097,1055
2546,2545
1871,1867
2124,2116
195,168,185
304,274,303
1879,1827
2203,2153
2300,2278
425,421,423
2096,2091
973,912
2467,2454
360,313,358
1653,1651
126,123
786,742
2380,2379
1684,1663,1683
432,353
1802,1700,1789
2117,2106
1114,1113
1772,1642,1725
2371,2367
405,402,403
1536,1443,1534
1206,1179
2089,2087
2458,2457
283,268,281
960,948
2175,2171,2174
2113,2099,2112
2603,2598,2601,2602
2302,2299,2301
2126,2125
533,529
2580,2561
1628,1571
373,372
2416,2413,2414
733,730,732
1299,1251
270,263
1211,1151
908,903
1442,1438
887,817,880
1730,1719,1723
1842,1820
1938,1882,1936,1937
2319,2318
1291,1289
1374,1370
2041,2039
2207,2206
319,307,318
944,940
108,107
1501,1497,1500
49,48
1303,1257
2629,2610
1305,1288
2074,2042
830,828
1945,1905,1943
2630,2616
1974,1970
2625,2623
863,860
1516,1488,1515
551,549
926,925
1099,1094
32,17,24
940,937,938
54,53
683,658,680
393,378,392
2128,2126
1569,1567
438,435
719,706
1774,1755
2311,2307,2308
2391,2334
689,686,687
1248,1197,1247
2445,2436,2443
1255,1219,1225
782,756,781
119,98,118
1271,1270
1437,1273
1961,1957
1631,1626
1369,1347,1365
1198,1166
2485,2480
1563,1522
803,800
236,234
771,765
1633,1629
816,786
117,114
1703,1695
2146,2118
995,979
395,356
1141,1056
2579,2569,2577,2578
643,635
2191,2177,2190
1372,1341
1011,993
337,335
241,238
764,695,763
1857,1849
2038,2037
2601,2600
269,242,252
946,939,945
2483,2441
1279,1278
1527,1518
1675,1658,1673
371,370
9,6
2582,2572
265,205,206
300,291,294
508,501
1910,1736
2276,2143
30,27,29
605,600
1174,1170,1173
706,679
1268,1233,1256
1727,1715
1604,1570
1208,1194
2027,2024
1545,1455,1530
1228,1202,1227
2005,1962,2002
1259,1243
638,614
1024,972,975
1358,1302
722,721
155,118
234,219
1008,983
2317,2309
2618,2610
21,12
942,940
2052,2048,2050
106,104
2069,1981,2068
2322,2266
2584,2579
1594,1593
407,397,398
1547,1543,1546
959,915
1741,1708,1739,1740
955,951
227,196
1877,1872,1876
1640,1561
1800,1791
2076,2068
2452,2450
2333,2324
2209,2207
1039,1034
1495,1270
751,749
1992,1990
122,121
2009,1986,1991
614,592,611
2542,2483,2539,2541
1202,1187
1617,1604
834,822,823
1444,1434
1644,1640,1643
1972,1954
674,660
911,854,909
1936,1923,1935
2104,2072,2099
1891,1886
2597,2590,2596
115,105,113
326,306,325
386,384
560,559
548,458
2010,2007,2009
1152,1133,1149
1028,1024
2263,2258
377,376
1129,1125
45,23,38
1981,1951,1979
131,95
2265,2261,2264
83,77,79
807,789
1217,1193
1349,1215
1606,1526
1923,1891
1996,1995
898,889,896
1219,1148
2490,2489
63,56,60,61
2412,2411
298,294
133,127,131
1419,1413
922,905
2184,2180
1817,1787
1709,1707
1826,1793
2423,2422
47,41,46
401,396
2519,2495
586,583
2616,2614,2615
461,460
1534,1511
1806,1799
2621,2615
731,728
2636,2576
1264,1242
1549,1468
351,318,339
964,963
2285,2282
1697,1692,1693
913,907,910
2351,2349
1046,1041
652,640,651
1329,1255
1473,1470
845,820
2115,2084,2114
2160,2109
2368,2366,2367
1620,1602,1619
599,597
737,734
588,587
2430,2427
687,672
7,1
2489,2462
218,216
591,582,588,590
559,495
1392,1390
120,65
1558,1554
1055,1017
2537,2473,2499
214,207
34,33
1989,1918
1084,1082
1851,1737
2179,2170,2178
2638,2613
1242,1225
1488,1487
1668,1667
542,533
1172,1159
1716,1703,1714
1103,1099
2218,2198
1835,1829
2409,2396,2400
430,429
1095,1063
1251,1164,1249
557,505
2344,2340
1574,1493,1573
2272,2259
1976,1929
1523,1502,1521
481,479
744,741
698,692
1718,1717
2544,2532
2290,2289
1220,1210,1214
1646,1602
1253,1205,1241
2364,2356,2363
1866,1843
607,606
1978,1969
2106,2102
1042,1037,1040
78,77
609,587
1163,1140
1767,1739
1064,1054
308,307
2137,2069,2136
1169,1162
418,372,373
2256,2247
1624,1606,1618
708,669
1699,1598,1698
1330,1328
2540,2420
